{
  "height": 61,
  "command": null,
  "title": null,
  "version": 1,
  "duration": 55.378464,
  "stdout": [
    [
      0.190907,
      "\u001b[?1034hbash-3.2$ "
    ],
    [
      1.132054,
      "i"
    ],
    [
      0.039645,
      "p"
    ],
    [
      0.031985,
      "f"
    ],
    [
      0.119961,
      "s"
    ],
    [
      0.383748,
      " "
    ],
    [
      0.16805,
      "i"
    ],
    [
      0.056155,
      "n"
    ],
    [
      0.135992,
      "i"
    ],
    [
      0.032029,
      "t"
    ],
    [
      0.351979,
      "\r\n"
    ],
    [
      0.022609,
      "initializing ipfs node at /Users/richard/.ipfs\r\n"
    ],
    [
      5.9e-05,
      "generating 2048-bit RSA keypair..."
    ],
    [
      0.140967,
      "done\r\n"
    ],
    [
      0.000199,
      "peer identity: QmPRG5gkguyRxP5GTPPHhnZoKpQQKh3vX3HhRbr7wWXwVY\r\n"
    ],
    [
      0.015911,
      "to get started, enter:\r\n\r\n\tipfs cat /ipfs/QmYwAPJzv5CZsnA625s3Xf2nemtYgPpHdWEz79ojWnPbdG/readme\r\n\r\n"
    ],
    [
      0.030491,
      "bash-3.2$ "
    ],
    [
      1.437904,
      "i"
    ],
    [
      0.047972,
      "p"
    ],
    [
      0.03168,
      "f"
    ],
    [
      0.096119,
      "s"
    ],
    [
      0.144211,
      " "
    ],
    [
      0.135795,
      "c"
    ],
    [
      0.080171,
      "o"
    ],
    [
      0.055794,
      "n"
    ],
    [
      0.072042,
      "f"
    ],
    [
      0.079943,
      "i"
    ],
    [
      0.088066,
      "g"
    ],
    [
      0.095998,
      " "
    ],
    [
      0.216204,
      "-"
    ],
    [
      0.095662,
      "-"
    ],
    [
      0.160232,
      "j"
    ],
    [
      0.095869,
      "s"
    ],
    [
      0.096064,
      "o"
    ],
    [
      0.031834,
      "n"
    ],
    [
      0.160216,
      " "
    ],
    [
      1.031837,
      "D"
    ],
    [
      0.112017,
      "i"
    ],
    [
      0.0722,
      "s"
    ],
    [
      0.135807,
      "c"
    ],
    [
      0.471891,
      "o"
    ],
    [
      0.135395,
      "v"
    ],
    [
      0.13661,
      "e"
    ],
    [
      0.136,
      "r"
    ],
    [
      0.224181,
      "y"
    ],
    [
      0.503998,
      "."
    ],
    [
      0.520034,
      "M"
    ],
    [
      0.079201,
      "D"
    ],
    [
      0.136582,
      "N"
    ],
    [
      0.11198,
      "S"
    ],
    [
      0.367919,
      "."
    ],
    [
      0.575559,
      "E"
    ],
    [
      0.111945,
      "N"
    ],
    [
      0.656418,
      "\b\u001b[K"
    ],
    [
      0.151358,
      "n"
    ],
    [
      0.080652,
      "a"
    ],
    [
      0.088295,
      "b"
    ],
    [
      0.143724,
      "l"
    ],
    [
      0.074351,
      "e"
    ],
    [
      0.125039,
      "d"
    ],
    [
      0.335883,
      " "
    ],
    [
      0.216042,
      "f"
    ],
    [
      0.135913,
      "a"
    ],
    [
      0.120002,
      "l"
    ],
    [
      0.064216,
      "s"
    ],
    [
      0.120151,
      "e"
    ],
    [
      0.13631,
      "\r\n"
    ],
    [
      0.044433,
      "bash-3.2$ "
    ],
    [
      1.01146,
      "i"
    ],
    [
      0.04015,
      "p"
    ],
    [
      0.031628,
      "f"
    ],
    [
      0.112368,
      "s"
    ],
    [
      0.11992,
      " "
    ],
    [
      0.080112,
      "c"
    ],
    [
      0.079853,
      "o"
    ],
    [
      0.047993,
      "n"
    ],
    [
      0.064052,
      "f"
    ],
    [
      0.095936,
      "i"
    ],
    [
      0.112057,
      "g"
    ],
    [
      0.279873,
      " "
    ],
    [
      0.176094,
      "-"
    ],
    [
      0.095982,
      "-"
    ],
    [
      0.160314,
      "j"
    ],
    [
      0.096008,
      "s"
    ],
    [
      0.111699,
      "o"
    ],
    [
      0.032054,
      "n"
    ],
    [
      0.183832,
      " "
    ],
    [
      0.304111,
      "S"
    ],
    [
      0.144091,
      "w"
    ],
    [
      0.080078,
      "a"
    ],
    [
      0.128063,
      "r"
    ],
    [
      0.079913,
      "m"
    ],
    [
      0.447726,
      "."
    ],
    [
      0.680275,
      "A"
    ],
    [
      0.151787,
      "d"
    ],
    [
      0.119575,
      "d"
    ],
    [
      0.128313,
      "r"
    ],
    [
      0.272084,
      "F"
    ],
    [
      0.088249,
      "i"
    ],
    [
      0.151761,
      "l"
    ],
    [
      0.032038,
      "t"
    ],
    [
      0.12793,
      "e"
    ],
    [
      0.104202,
      "r"
    ],
    [
      0.104044,
      "s"
    ],
    [
      0.799982,
      " "
    ],
    [
      0.384962,
      "'[\r\n"
    ],
    [
      0.000285,
      ">       \"/"
    ],
    [
      4.2e-05,
      "ip4/10.0.0"
    ],
    [
      2.4e-05,
      ".0/"
    ],
    [
      1.9e-05,
      "ipc"
    ],
    [
      3e-05,
      "id"
    ],
    [
      2.8e-05,
      "r/8"
    ],
    [
      1.8e-05,
      "\",\r\n"
    ],
    [
      0.000298,
      ">       \""
    ],
    [
      3.9e-05,
      "/ip4/100."
    ],
    [
      2.6e-05,
      "64.0"
    ],
    [
      2.6e-05,
      ".0/"
    ],
    [
      2.2e-05,
      "ipc"
    ],
    [
      2e-05,
      "id"
    ],
    [
      2e-05,
      "r/1"
    ],
    [
      2.1e-05,
      "0"
    ],
    [
      2e-05,
      "\",\r\n"
    ],
    [
      0.000264,
      ">       \"/ip"
    ],
    [
      4e-05,
      "4/169.254"
    ],
    [
      2.4e-05,
      ".0."
    ],
    [
      2.1e-05,
      "0/i"
    ],
    [
      2.1e-05,
      "pc"
    ],
    [
      2.5e-05,
      "idr"
    ],
    [
      2e-05,
      "/1"
    ],
    [
      1.7e-05,
      "6\""
    ],
    [
      1.7e-05,
      ",\r\n"
    ],
    [
      0.000176,
      ">       \""
    ],
    [
      2.2e-05,
      "/ip4/172."
    ],
    [
      1.4e-05,
      "16."
    ],
    [
      1.3e-05,
      "0."
    ],
    [
      1.2e-05,
      "0/i"
    ],
    [
      1.2e-05,
      "pc"
    ],
    [
      1.3e-05,
      "id"
    ],
    [
      1.3e-05,
      "r/"
    ],
    [
      1.2e-05,
      "12"
    ],
    [
      1.2e-05,
      "\","
    ],
    [
      1.1e-05,
      "\r\n"
    ],
    [
      0.000158,
      ">       \"/ip"
    ],
    [
      2.6e-05,
      "4/192.0.0"
    ],
    [
      1.4e-05,
      ".0/"
    ],
    [
      1.3e-05,
      "ip"
    ],
    [
      1.2e-05,
      "ci"
    ],
    [
      1.2e-05,
      "dr"
    ],
    [
      1.2e-05,
      "/2"
    ],
    [
      1.4e-05,
      "4\""
    ],
    [
      1.2e-05,
      ",\r\n"
    ],
    [
      0.000148,
      ">       \"/i"
    ],
    [
      2.8e-05,
      "p4/192.0."
    ],
    [
      1.5e-05,
      "0.0"
    ],
    [
      1.3e-05,
      "/ip"
    ],
    [
      1.4e-05,
      "cid"
    ],
    [
      1.3e-05,
      "r/"
    ],
    [
      1.2e-05,
      "29"
    ],
    [
      4.6e-05,
      "\""
    ],
    [
      0.000107,
      ",\r\n>       \"/"
    ],
    [
      1.6e-05,
      "ip4/19"
    ],
    [
      1.4e-05,
      "2.0"
    ],
    [
      1.2e-05,
      ".0."
    ],
    [
      2.1e-05,
      "8/i"
    ],
    [
      1.4e-05,
      "pci"
    ],
    [
      1.3e-05,
      "dr"
    ],
    [
      1.2e-05,
      "/3"
    ],
    [
      1.2e-05,
      "2\""
    ],
    [
      1.1e-05,
      ",\r\n"
    ],
    [
      0.000102,
      ">   "
    ],
    [
      1.3e-05,
      "    \""
    ],
    [
      1.1e-05,
      "/ip"
    ],
    [
      1.2e-05,
      "4/1"
    ],
    [
      1.2e-05,
      "92"
    ],
    [
      1.7e-05,
      ".0.0"
    ],
    [
      1.2e-05,
      ".1"
    ],
    [
      1.2e-05,
      "70"
    ],
    [
      1.1e-05,
      "/i"
    ],
    [
      1.2e-05,
      "pc"
    ],
    [
      1.2e-05,
      "id"
    ],
    [
      1.3e-05,
      "r/"
    ],
    [
      1.2e-05,
      "32"
    ],
    [
      1.1e-05,
      "\","
    ],
    [
      1.4e-05,
      "\r\n"
    ],
    [
      0.000124,
      ">       \"/ip"
    ],
    [
      2.2e-05,
      "4/192.0"
    ],
    [
      1.4e-05,
      ".0.1"
    ],
    [
      1.2e-05,
      "71"
    ],
    [
      1.3e-05,
      "/i"
    ],
    [
      1.2e-05,
